route_point,x,y
0,0.0,0.0
1,0,0
2,0.001,-0.005
3,0.038,-0.005
4,0.0789,-0.005
5,0.1168,-0.0031
6,0.1572,0.0003
7,0.2016,0.0027
8,0.2391,0.0037
9,0.2779,0.0077
10,0.3158,0.0125
11,0.3505,0.0187
12,0.3868,0.0227
13,0.4266,0.0227
14,0.4677,0.0227
15,0.5036,0.0227
16,0.54,0.0227
17,0.5756,0.0227
18,0.6131,0.0227
19,0.6544,0.0227
20,0.6903,0.0227
21,0.7309,0.0227
22,0.7671,0.0227
23,0.8082,0.0226
24,0.8459,0.0145
25,0.8853,0.0091
26,0.9232,0.0091
27,0.9587,0.0091
28,0.9943,0.013
29,1.0292,0.0227
30,1.0659,0.0326
31,1.1004,0.0429
32,1.1221,0.0706
33,1.1349,0.1055
34,1.1482,0.1392
35,1.1616,0.1725
36,1.1705,0.2127
37,1.178,0.2472
38,1.18,0.2826
39,1.1739,0.3179
40,1.1678,0.3342
41,1.171,0.3706
42,1.171,0.407
43,1.171,0.4442
44,1.171,0.4815
45,1.171,0.52
46,1.171,0.5601
47,1.1686,0.5974
48,1.1686,0.6341
49,1.1686,0.6705
50,1.1653,0.71
51,1.163,0.7475
52,1.1563,0.782
53,1.148,0.8185
54,1.1425,0.8561
55,1.1385,0.8927
56,1.1326,0.929
57,1.1306,0.9653
58,1.1306,1.0012
59,1.1661,0.9978
60,1.2069,0.9953
61,1.254,0.9929
62,1.2901,0.9929
63,1.3284,0.9929
64,1.3706,0.9929
65,1.4092,0.9929
66,1.4444,0.9929
67,1.4849,0.9929
68,1.5293,0.9929
69,1.5734,0.9929
70,1.6141,0.9888
71,1.6525,0.9855
72,1.6926,0.9846
73,1.7359,0.9827
74,1.7721,0.9827
75,1.8093,0.9827
76,1.8454,0.9827
77,1.8819,0.9925
78,1.9188,1.0057
79,1.9538,1.0162
80,1.9644,1.0629
81,1.9717,1.1026
82,1.9817,1.1406
83,1.9915,1.177
84,2.0031,1.2157
85,2.012,1.2527
86,2.0176,1.2946
87,2.0226,1.3309
88,2.0264,1.3672
89,2.0306,1.4023
90,2.0349,1.4374
91,2.0446,1.4743
92,2.0518,1.5052
93,2.0647,1.4976
94,2.0705,1.5332
95,2.087,1.5653
96,2.104,1.5966
97,2.1223,1.6319
98,2.1372,1.6648
99,2.1402,1.7052
100,2.1402,1.7498
101,2.1308,1.7839
102,2.11,1.8215
103,2.0888,1.8526
104,2.0614,1.8814
105,2.0341,1.9062
106,1.9976,1.9308
107,1.9653,1.9513
108,1.9379,1.9733
109,1.91,1.9958
110,1.8779,2.0171
111,1.8451,2.0371
112,1.8052,2.0548
113,1.7708,2.0685
114,1.55,2.05
