time,true_x,true_y,true_theta,odom_x,odom_y,odom_theta
0,0,0,-0.13082739607405697,0,0,-0.13082739607405697
0.1,0.02576333206563055,-0.002606488340928254,-0.07082739607405697,0.026021675521073852,-0.002624738902294533,-0.07022739607405697
0.2,0.05125423815962983,-0.0051854152190374085,-0.13082739607405697,0.05176819330171089,-0.005221723357147468,-0.13082739607405697
0.3,0.0761785364030434,-0.007707018116200782,-0.07082739607405697,0.07694242153540289,-0.007760982450079467,-0.07022739607405697
0.4,0.10089984069423544,-0.010206075347046699,-0.13002995718931135,0.10191162209211888,-0.010277511953574289,-0.1300219828004639
0.5,0.12487902548551319,-0.012585047040761061,-0.06685326233203759,0.12613129314705543,-0.012672530327874684,-0.06621352099461736
0.6,0.14868916721859768,-0.014698354300914157,-0.11015052487872776,0.15018036776748758,-0.014796791276083715,-0.10994375616677443
0.7000000000000001,0.17202672562876495,-0.016403245862087024,-0.03491797893979268,0.17375222388929612,-0.01650507795125638,-0.033958884768449965
0.8,0.19577385681844242,-0.01684866603979502,0.03653060370481567,0.19773701827468723,-0.016928065693061007,0.0382041837026045
0.9,0.21985552905212657,-0.016256934582601648,0.10532242277389603,0.2220583156971751,-0.016292630098255583,0.10768392096237567
1,0.24494277793348848,-0.014363720498410228,0.04532242277389603,0.247392364956625,-0.014328259404955126,0.04708392096237565
1.1,0.2709369393814453,-0.011117496642209776,0.10532242277389603,0.2736377973861746,-0.01098264499291148,0.10768392096237565
1.2,0.29726121033948716,-0.007533327807446823,0.16532242277389603,0.3002155021097285,-0.0072918958834762,0.16828392096237565
1.3,0.32436572639993416,-0.0038429250646689244,0.10532242277389603,0.3275809636519529,-0.003491753852146403,0.10768392096237565
1.4000000000000001,0.3514631955846347,0.00019765882265457442,0.17866142830460482,0.35493784582702814,0.0006655253878977022,0.18175631654839156
1.5,0.3784475910051854,0.0042390131512206886,0.11866142830460483,0.3821804885431105,0.004823437234768403,0.12115631654839153
1.6,0.4054670456657195,0.007968368553402735,0.06385909533111152,0.4094597211802691,0.008663174888624193,0.06580596024516328
1.7,0.43284721946828514,0.010545820057296049,0.12385909533111153,0.43710769446059655,0.011328520995071858,0.12640596024516326
1.8,0.4600131333132605,0.01310310205262827,0.06385909533111153,0.46453931215365807,0.013973009785278634,0.06580596024516325
1.9000000000000001,0.48740705868333917,0.014953049845293552,0.018986623988691637,0.4922032213277541,0.01589629229247924,0.020484764189319174
2,0.5148640203372429,0.016299150615219086,0.07898662398869163,0.5199321794765436,0.017305712776827555,0.08108476418931918
2.1,0.5422133982712933,0.017639977002277665,0.018986623988691637,0.5475524881504601,0.018709610774731263,0.020484764189319174
2.2,0.5697012510673797,0.018987592236578383,0.07898662398869163,0.5753126434578988,0.020120616962884887,0.08108476418931915
2.3000000000000003,0.5971339324922644,0.019929159731057983,0.025928138636409543,0.6030179021222187,0.021117347734501846,0.027495693983514223
2.4,0.624667210101859,0.020263031661929425,-0.01830604425311616,0.6308259329164966,0.021494310296455828,-0.017180830734906748
2.5,0.6521792964728659,0.020150445742712676,0.02627247247121909,0.6586131924263013,0.02141581498079236,0.02784347115667187
2.6,0.6794450098338615,0.02004881157484993,-0.03372752752878091,0.6861515881128567,0.02134816598141256,-0.032756528843328137
2.7,0.7066941135349574,0.0196358219208811,-0.08762934516434548,0.713673423265606,0.020962886248352356,-0.08719736465524837
2.8000000000000003,0.7341506871294113,0.018051763548490717,-0.02762934516434548,0.7414056426438081,0.019383291135294634,-0.02659736465524836
2.9,0.7615455520937995,0.016201142297666903,-0.10162207637884015,0.7690755500584658,0.017531705223586998,-0.10133002318188797
3,0.789099941636856,0.014553265826482451,-0.040857549904023925,0.7969065518391981,0.015887142698004376,-0.03995785144232358
3.1,0.8169530965371294,0.013509345638729213,-0.0005942050554324299,0.8250391768514329,0.014859050046403057,0.0007081268547538266
3.2,0.8444714079625406,0.012917343260580381,-0.050489563090951185,0.8528332286848883,0.014291512807030454,-0.049686184761120106
3.3000000000000003,0.871882445835073,0.013640133316049534,0.007772928748495139,0.8805169610337227,0.015065043357322073,0.009158931996720701
3.4,0.8988926159440629,0.014660872054596628,0.06777292874849514,0.9077953736430502,0.01614197937589739,0.0697589319967207
3.5,0.9255929219504007,0.01598864766220062,0.12777292874849513,0.9347599814686434,0.017531696566730766,0.13035893199672072
3.6,0.9525748409556878,0.018635187525527636,0.06777292874849514,0.9620054558142029,0.02026698410475511,0.0697589319967207
3.7,0.9777110984447135,0.022314261572974312,0.12777292874849513,0.9873824896217149,0.024052913110481446,0.13035893199672072
3.8000000000000003,1.000189145372861,0.02717915316124802,0.21588968217240617,1.0100680254175578,0.029044461341354848,0.21935685295487087
3.9,1.020571007305872,0.03272085055995343,0.32183709419154677,1.0306312607448007,0.034723084986223715,0.32636373909420285
4,1.0400855216724165,0.039548859146458455,0.3514159505023581,1.0503083502594226,0.041711379467265684,0.3562383839681223
4.1,1.0578827007310276,0.04742593175077425,0.4812981615577743,1.0682395277706123,0.04976545417209847,0.48741941713409265
4.2,1.0751947760581781,0.057120581006399024,0.6096357686964333,1.0856612858789434,0.05966881650734481,0.6170404003441382
4.3,1.0913017178680093,0.0688512982537549,0.6482403767106194,1.1018386341376953,0.07164009842379719,0.6560310544384663
4.4,1.106654863773622,0.08206417367030186,0.77269588182286,1.1172323622661988,0.08511501094753408,0.7817311146018293
4.5,1.1206983532544175,0.09737957785231532,0.8846289015267199,1.1312671341305702,0.10071886640435058,0.8947834645027277
4.6000000000000005,1.133718503098733,0.11390730249362672,0.9978264663489989,1.144243933934533,0.11754675617804895,1.0091130049732295
4.7,1.1453033578087615,0.13201143821043845,1.0060960857428198,1.1557367818268198,0.13596317162407107,1.0174653205609887
4.8,1.155378880744303,0.15082740501749625,1.112411214851885,1.1656821979526786,0.15508870134845013,1.1248436009611442
4.9,1.163800093793434,0.17045165156262937,1.218657563386239,1.1739299489595407,0.17501767714595906,1.2321524129808417
5,1.1709335577573492,0.1903414522676875,1.2369317174631986,1.180861398795399,0.19520220359578805,1.2506093085985708
5.1000000000000005,1.1770201623082879,0.2111523677907926,1.3358477676508032,1.186710379344524,0.21630614072559312,1.350514519288051
5.2,1.181893857978295,0.23262303668190967,1.4379248995011056,1.1913116295928425,0.2380616344060077,1.4536124224568565
5.3,1.1853536445113164,0.2556261948824037,1.4077071664164953,1.1944449405724513,0.26134619852283486,1.4230925120414
5.4,1.1881775420967646,0.27867561432050436,1.4871198183928405,1.1969289721681453,0.28466818807029015,1.5032992905375084
5.5,1.1905248869750742,0.3019504099787549,1.4563348330468515,1.1989231151513178,0.3082106069550621,1.4722064553380592
5.6000000000000005,1.1924108123134782,0.3255277757549147,1.5264253363822609,1.2004414590516626,0.3320514350744181,1.5429978637068225
5.7,1.19388938917634,0.3493233829100899,1.4861359504261018,1.2015405890136108,0.35610618021483853,1.5023055838911015
5.8,1.1950776452348977,0.37303879438218185,1.55619534009291,1.2023449883926527,0.38007522870840454,1.5730655674545775
5.9,1.195977225615622,0.3973031123693576,1.506431376957951,1.2028455214648563,0.40459384797812903,1.5228039646882687
6,1.1966805825143858,0.4212052843603314,1.577180505115964,1.2031521400964673,0.4287434738596864,1.5942605841278616
6.1000000000000005,1.197188166470556,0.44538176840898924,1.5258792002423256,1.2032543656385655,0.4531668192881689,1.5424462662054865
6.2,1.19742523734708,0.46947969118162247,1.5930721028989885,1.2030820309223946,0.47750621689928147,1.610311097888716
6.3,1.1975269597826197,0.493682698243773,1.5438170307172665,1.202769841434782,0.5019494061429738,1.560563474985177
6.4,1.1974530210676324,0.5181599366620949,1.6038170307172666,1.20227377370809,0.5266664776948492,1.6211634749851769
6.5,1.1964046490652573,0.5431171482351335,1.6662710083984835,1.2007756108757528,0.5518506728139866,1.684241992443206
6.6000000000000005,1.1947374628344014,0.5685438190722395,1.6062710083984835,1.1986382383041274,0.5774977696400737,1.623641992443206
6.7,1.1930664775585098,0.5940284300877331,1.6662710083984835,1.196495995266019,0.6032033089329213,1.684241992443206
6.8,1.1904322525894044,0.6197729513225921,1.7262710083984836,1.1933669526055881,0.629152761067319,1.744841992443206
6.9,1.186821420531731,0.6458392115322056,1.7862710083984836,1.1892364709065846,0.6554079249626144,1.805441992443206
7,1.1817903520186674,0.6726528159732856,1.7262710083984836,1.1836449845555612,0.682388877210047,1.744841992443206
7.1000000000000005,1.1760383152847862,0.699738043654182,1.7883821365632284,1.1773137889023755,0.7096289029484386,1.8075742318895982
7.2,1.1703818630502958,0.7267910582246428,1.742783062944123,1.1710805940731075,0.7368384328591654,1.7615191675343016
7.3,1.1650039842279465,0.7538057180035641,1.7487016024518205,1.1651320672127343,0.7640151328521462,1.7674968924370762
7.4,1.160180127579368,0.7812300470556492,1.7211416186008741,1.1597413094673614,0.7916174346315483,1.7396613087476203
7.5,1.1552675058443869,0.8081741706275318,1.7811416186008742,1.1542683360432355,0.8187327255164867,1.8002613087476202
7.6000000000000005,1.1504649275896084,0.8345147416995851,1.7211416186008741,1.1489179580630777,0.8452406297275351,1.7396613087476203
7.7,1.1462626930965705,0.858698307730849,1.661141618600874,1.1442168544942444,0.8695820467256847,1.6790613087476203
7.8,1.1457660784709311,0.8730424316781168,1.5302032347117567,1.1434638423207804,0.8840583563256867,1.5468135410196118
7.9,1.147834606122552,0.8880743044750479,1.3418861209797601,1.1453151861349882,0.8992710418544664,1.3566132561502955
8,1.1525363953543746,0.9029694936471007,1.160672599612943,1.149853388656493,0.9143794905456817,1.1735875995698104
8.1,1.1599724997739063,0.9177223698795659,1.0525325175057523,1.1571791794622863,0.9293712368316146,1.0643661166415477
8.2,1.1699264528205156,0.9318568604849662,0.891943767462256,1.1670764681264818,0.9437552062002131,0.9021714790976169
8.3,1.182173412089944,0.9448551019220894,0.7399917315496196,1.1793210039238333,0.9569996886651287,0.748699922825854
8.4,1.1965891398816242,0.9571035137278568,0.6707792811391915,1.1937769157661593,0.9694916108456257,0.6787953479113217
8.5,1.2121214701571803,0.9677735011329854,0.5340686943534585,1.2093850387121603,0.980382857024247,0.5407176552577315
8.6,1.2293170258854176,0.977361028204995,0.48446818861923524,1.2266901323015493,0.990177037659801,0.49062114446616606
8.700000000000001,1.2476726604902226,0.9855690711363847,0.35957110670531117,1.245183201298232,0.9985691839955276,0.36447509173310283
8.8,1.2671416281077315,0.9925873192307195,0.3324436317830616,1.264812720295319,1.0057512495476433,0.3370763420616308
8.9,1.2874384055330292,0.9983147748675972,0.2211200256885213,1.285288706483766,1.0116191002112969,0.22463949990614518
9,1.30853091943853,1.0029660761440724,0.2119135842621252,1.3065755770427547,1.016390972989752,0.21534099406548518
9.1,1.330408508905505,1.0066433007027789,0.1207371698456132,1.3286607200804363,1.020170643545764,0.12325281550480802
9.200000000000001,1.3525628795220817,1.0094121747426665,0.12611770146049445,1.3510293419418287,1.0230242816534059,0.12868715243583806
9.3,1.3754995331537696,1.0114127225715388,0.04725305823329089,1.3741908340079911,1.0250952857346274,0.049033862776362416
9.4,1.3984564029860582,1.0127622083887409,0.06765518082986434,1.3973745737507004,1.0265022078045587,0.06964000659890163
9.5,1.4220983919220254,1.0135480216465047,-0.001990420755736147,1.4212515781645683,1.0273350489521402,-0.0007020510025548474
9.6,1.445714108791761,1.0136423982996121,-0.07914763413352399,1.4451030569054637,1.0274625283379508,-0.07863083651412059
9.700000000000001,1.47043887168778,1.01242453729399,-0.019834613036626043,1.4700759879982623,1.0262528725286937,-0.01872468520625365
9.8,1.4948559915201725,1.0111523948999763,-0.08298551559197076,1.4947382103068523,1.0249874395581622,-0.08250709678715183
9.9,1.519265360804624,1.009829365865912,-0.02847672104148148,1.5193926185760684,1.023670088425474,-0.027453214291157657
10,1.5440114552113686,1.008380643715062,-0.08847672104148148,1.5443871506638625,1.0222249667978283,-0.08805321429115767
10.1,1.568837206257754,1.0069022955787843,-0.030460469429759468,1.569462143348684,1.0207497299286348,-0.02945680016331844
10.200000000000001,1.5935477555786954,1.0054064610640583,-0.09046046942975947,1.5944207798273906,1.0192565038783585,-0.09005680016331843
10.3,1.6189024043936604,1.0029206066786733,-0.1508294515787648,1.620029507555424,1.0167542944787435,-0.15102947213381385
10.4,1.64525478906622,0.9997208755485437,-0.09082945157876479,1.6466456587954188,1.013525236833434,-0.09042947213381385
10.5,1.6716754809844165,0.9965128504889273,-0.1508294515787648,1.6733308009826564,1.0102878092422354,-0.15102947213381385
10.6,1.6991024852874916,0.9921757014416581,-0.19046015720738957,1.7010309050667378,1.0059000890674752,-0.19105648481872484
10.700000000000001,1.7254124811972293,0.9879173855324708,-0.13046015720738957,1.7276026451749789,1.0015913288378366,-0.13045648481872485
10.8,1.7506254823588592,0.983837012664765,-0.1903044877850126,1.7530664779374527,0.9974626227016103,-0.1908992587021241
10.9,1.7742798845011214,0.980085797727075,-0.12333199364412706,1.7769563510625481,0.9936675884310214,-0.12325703961982971
11,1.797213512446633,0.9768425856718338,-0.15292486109670522,1.8001189289241006,0.9903897170221426,-0.15314583574693366
11.1,1.8187449673886422,0.9744812474388355,-0.06357302067865966,1.8218661372980693,0.9880094698895697,-0.06290047692470763
11.200000000000001,1.8370911389775868,0.9740098899527353,0.009483361594785508,1.8403960525147314,0.987552886464564,0.010886469171471978
11.3,1.8542393832353665,0.9754495276838313,0.16722192651706258,1.8577123778760267,0.9890440610645999,0.17020241974297184
11.4,1.8711386950773385,0.9791642299094327,0.2612706042678764,1.8747673056005358,0.9928550934950316,0.2651915842712938
11.5,1.8878832836089925,0.9853395238965115,0.4152297631980895,1.891648495629885,0.9991737760647077,0.420690334790809
11.6,1.9039868009413614,0.9939195995862936,0.5624877026337742,1.9078587903362259,1.0079402868195182,0.5694208536208504
11.700000000000001,1.9196865414220372,1.004725896829426,0.7056397686767413,1.9236347216311613,1.0189704692029768,0.7140044403242469
11.8,1.9345382214433837,1.01792243782314,0.7461974464984649,1.938519998115539,1.0324269813358826,0.7549676949241877
11.9,1.9484747843228878,1.032539539784166,0.8719925981393624,1.9524564203998938,1.047321810900096,0.8820207980814941
12,1.9616363792309606,1.048563466077697,0.8941738380604611,1.9655847729945417,1.0636398435102903,0.9044238504018038
12.1,1.9737476401189802,1.065571181912195,1.0098037235831072,1.9776303561815765,1.0809489778003756,1.0212100347796762
12.200000000000001,1.9846195593799127,1.084799735755856,1.102995797934597,1.988379654377458,1.1004987151464432,1.1153340298746808
12.3,1.9944915190565358,1.1047390571033806,1.2003011404875328,1.9980993511079501,1.1207594497266162,1.2136124258531458
12.4,2.0031949151393613,1.1261685586030432,1.1720975478052333,2.006604206319932,1.1425169716061632,1.1851267972440231
12.5,2.010813040078957,1.1481250312998776,1.248229041868832,2.0139944081163375,1.1647958511924512,1.2620196062482574
12.6,2.017524151046384,1.1708294543202573,1.3194102545563728,2.020447642431291,1.1878208131887262,1.3339126310626732
12.700000000000001,2.0238864865901176,1.1937590786002832,1.2791301985020842,2.0265415426360494,1.2110692471923084,1.2932297744478416
12.8,2.02974118202955,1.2164330650100332,1.3578090595212173,2.0321223428740316,1.2340531741774674,1.372695424077166
12.9,2.0352576364735406,1.239508358953121,1.317568790096587,2.0373514682083247,1.2574383773355353,1.3320527519582892
13,2.0402852992012344,1.2625607387360418,1.3917455637619045,2.0420826538373573,1.280794137439236,1.4069712933602594
13.1,2.0447443118417437,1.2860821981834205,1.4652571171642699,2.0462259731727266,1.3046160416064754,1.4812179622966484
13.200000000000001,2.04820933943457,1.3114902187664412,1.4052571171642698,2.0493233387836387,1.3303297236308544,1.4206179622966484
13.3,2.0505136127355255,1.3380055053853879,1.4652571171642699,2.051217864716928,1.357144026572556,1.4812179622966484
13.4,2.0532984495275746,1.3651941921584625,1.4201599547185446,2.053590946149285,1.3846458811649909,1.4356698282264657
13.5,2.0575645996641647,1.3922192955091677,1.3601599547185446,2.0574774869565466,1.412004228100248,1.3750698282264657
13.6,2.0624360287970833,1.4188934883347093,1.4201599547185446,2.0619872952695797,1.4390167970786223,1.4356698282264657
13.700000000000001,2.0671187848084283,1.4445345750452827,1.3601599547185446,2.0663224362336887,1.46498315444808,1.3750698282264657
13.8,2.073324534389855,1.4698237757516268,1.3001599547185445,2.072216403156201,1.4906140125796368,1.3144698282264657
13.9,2.080481479886227,1.4950076512288482,1.2401599547185445,2.0790817257449308,1.5161498308149282,1.2538698282264658
14,2.0885406425530557,1.5204549085317653,1.2422269955285263,2.0868621528407854,1.541962501664569,1.2559575394445475
14.1,2.0975935911127106,1.5468941356963,1.2326028140627439,2.095638479943339,1.5687890268769418,1.2462371161641073
14.200000000000001,2.1055799987728117,1.5731607768734854,1.2538640006262856,2.103330803791418,1.5954290177908705,1.2677109145932843
14.3,2.113162163617937,1.5988564994417442,1.3138640006262856,2.1106208639188813,1.6214873552977545,1.3283109145932843
14.4,2.120311689480435,1.6230860218551817,1.2538640006262856,2.117494952584201,1.6460588018100193,1.2677109145932843
14.5,2.1262580840516647,1.6444638232856286,1.3455525191426843,2.1231913565853766,1.6677339928069528,1.3603163182948468
14.6,2.1310304555448853,1.6658976981667517,1.4415598702014498,2.127689940328288,1.689451030622431,1.4572837428641998
14.700000000000001,2.133723549903153,1.6872366812708903,1.449805790534097,2.1300699480578795,1.7110434975679099,1.4656121224001735
14.8,2.135053724844408,1.7076261657575338,1.565965743958306,2.131076247786213,1.7316559782827399,1.5829336753586245
14.9,2.1347949537197803,1.7279398388367393,1.600594627112417,2.1304632162876884,1.7521651569273395,1.6179088473442764
15,2.132976622419432,1.7477201370096414,1.7262490778920936,2.128268766765544,1.7721069651979493,1.7448198426317496
15.1,2.1294659055812786,1.767480919165151,1.7662283285027578,2.1243489089313585,1.791995128271363,1.7851988857485204
15.200000000000001,2.124437079193535,1.7864920879311745,1.8941696716708265,2.118894449320418,1.8110930154406162,1.9144196423482696
15.3,2.1177101209040723,1.8052401600158396,1.9353410377568832,2.1117142781217972,1.8298854591268976,1.9560027220951866
15.4,2.1093430352363014,1.8235974178526233,2.061554594266444,2.1028707462422016,1.8482420226147456,2.083478414169843
15.5,2.099444084669646,1.8414811222300904,2.0907066241074515,2.092476667379933,1.866079402525439,2.11292196430926
15.6,2.0880790904550692,1.8588295075447954,2.210439453338633,2.0806013481684658,1.883334726494086,2.233852121832753
15.700000000000001,2.0751653537495063,1.8760707095107687,2.2177516298560103,2.0671538957112765,1.900437718348253,2.241237420115304
15.8,2.0605765740364994,1.8927048368880608,2.3104989937232014,2.052016996988359,1.9168762098170096,2.3349122576211667
15.9,2.04442191681766,1.9090108360508309,2.3932663316222356,2.035297094887832,1.932935157787261,2.418507268899191
16,2.027523033175975,1.9251045061747298,2.364308705103655,2.0178264760888855,1.948755991749478,2.3892600661154244
16.1,2.010413901412429,1.940590973290426,2.4481950800138255,2.00015512999682,1.9639539298819462,2.4739853047746965
16.2,1.9926794221976643,1.9558887135039436,2.4142052702238033,1.9818536345390836,1.9789409284665158,2.439655596886774
16.3,1.9748585879501468,1.9704862684310944,2.4950396593066793,1.9634794253094294,1.993214058113543,2.5212983298604783
16.4,1.9566412425190962,1.984633589325155,2.469921949651229,1.944713042541954,2.007017372601995,2.4959294431084733
16.5,1.9381652887303205,1.9980580594695145,2.5547178611553107,1.9257004550383345,2.020077959957607,2.581573313727596
16.6,1.9192102158365678,2.0109831275396712,2.5339688982607487,1.9062137114067212,2.0326157137926306,2.5606168612040885
16.7,1.9013663214937142,2.021120133538655,2.6403908752310503,1.887916362457277,2.042353468719622,2.6681030579440934
16.8,1.8828821151181137,2.030037694198555,2.7432526324173656,1.869000619712856,2.050829635985772,2.7719934327022715
16.9,1.8633600073841219,2.0382503543053345,2.7424050423746493,1.8490531371666572,2.058554326669142,2.771137366759128
17,1.84326785886951,2.045598199634905,2.839290843071986,1.8285520050832123,2.0653796122586647,2.8689920254634376
17.1,1.8223745141349212,2.0521905758417214,2.832094235067177,1.8072615828577854,2.071408993455548,2.86172345137858
17.2,1.8011263364575043,2.05789623523608,2.9262886109214006,1.7856372922329735,2.0765231928831476,2.956859770991346
17.3,1.7792459922795982,2.062785488553833,2.9171572109070563,1.7633978023160057,2.0807845340860314,2.9476370569768586
17.400000000000002,1.7571686777835809,2.0667414275145135,3.0114241080075517,1.7409868355503662,2.08408806451683,3.042846623048359
17.5,1.7345964301356693,2.0697804042392463,3.0045472538899607,1.7181038584487447,2.086440493029782,3.0359010003895923
17.6,1.7119635480502788,2.071787085734277,3.101940087939517,1.695191807227343,2.0877384969541852,3.1342677627796443
17.66,1.698151963235311,2.0724778933203765,3.0817608704811015,1.68122690487523,2.0879864060907614,3.1138867531466445
